{
	"_webSocketMessages": [
		{
			"type": "send",
			"time": 1684436842.951789,
			"opcode": 1,
			"data": {
				"method": "RSUBSCRIPTION",
				"params": [
					"main-site@crypto_price_5s@{}@normal",
					"1,1027,825,1839,3408,52,2010,74,5426,3890,2,1958,6636,4687,5994,4943,5805,3717,3957,1975,7083,3794,328,3897,1321,512,11419,8916,1831,2563,2280,8000,21794,4642,3635,6535,11841,3077,3155,18876,4030,6719,3330,3513,1765,6210,2943,6892,7278,1966,11221,2416,4847,2011,5690,7334,6783,4558,19891,4066,2087,10603,1376,6538,3602,2586,1518,20947,24478,11840,3306,16086,4256,1437,4705,11857,4172,5899,8646,6953,7226,4846,1720,10791,131,4269,2502,5964,7950,2634,1934,7501,2694,4157,2469,7186,8536,9903,2130,11156,1,1027,2010,1839,6636,52,1975,2,512,1831,7083,74,9023,9022,5824,6783,11841,11840"
				]
			}
		},
		{
			"type": "receive",
			"time": 1684436843.203084,
			"opcode": 1,
			"data": {
				"id": 0,
				"code": 0,
				"msg": "main-site@crypto_price_5s@{}@normal,4558,9903,4705,20947,5964,19891,7950,8536,1720,74,3330,2563,2280,4687,11221,10603,1027,21794,7226,3717,11857,2469,5426,2943,16086,4172,7501,1765,9022,5994,1437,1958,6538,3513,1,4269,4846,2010,11156,3306,131,2087,5899,3155,6535,3408,6636,3890,2634,328,8916,7186,9023,4642,18876,4943,512,4157,2586,1831,3635,4256,2416,1966,7334,2130,24478,8646,7278,6719,11841,1518,11840,4066,3957,1839,2502,3897,4030,10791,3602,1975,825,1376,4847,2,2011,11419,5805,3794,1321,6953,8000,52,5824,1934,3077"
			}
		},
		{
			"type": "receive",
			"time": 1684436846.3099359,
			"opcode": 1,
			"data": {
				"d": {
					"id": 1,
					"p": 26633.33565790038,
					"p24h": -1.894317253926,
					"p7d": -1.199543507769,
					"p30d": -11.792773841475,
					"p3m": 7.737925211089,
					"p1y": -9.451659062662,
					"pytd": 60.946781676161,
					"pall": 43072689.327664088,
					"as": 19377156,
					"mc": 516078299843.5,
					"fmc24hpc": -1.894317253926
				},
				"t": "1684436847032",
				"c": "main-site@crypto_price_5s@1@normal"
			}
		},
		{
			"type": "receive",
			"time": 1684436846.38265,
			"opcode": 1,
			"data": {
				"d": {
					"id": 1765,
					"p": 0.8808933643320891,
					"p24h": -2.485699162797,
					"p7d": 0.682245197788,
					"p30d": -27.26852664022,
					"p3m": -28.939477256768,
					"p1y": -32.304636596127,
					"pytd": 2.15525529563,
					"pall": -14.587491830232,
					"as": 1091403953.6,
					"mc": 961410500.53,
					"fmc24hpc": -2.485699162797
				},
				"t": "1684436847058",
				"c": "main-site@crypto_price_5s@1765@normal"
			}
		},
		{
			"type": "receive",
			"time": 1684436846.38288,
			"opcode": 1,
			"data": {
				"d": {
					"id": 5994,
					"p": 0.000008556977431231348,
					"p24h": -2.28953105526,
					"p7d": -0.754967392249,
					"p30d": -25.5616675876,
					"p3m": -35.217714003089,
					"p1y": -28.454923055268,
					"pytd": 5.815552293016,
					"pall": 641039.924409602,
					"as": 589534333568906.3,
					"mc": 5044631987.29,
					"fmc24hpc": -2.28953105526
				},
				"t": "1684436847061",
				"c": "main-site@crypto_price_5s@5994@normal"
			}
		},
		{
			"type": "receive",
			"time": 1684436846.383687,
			"opcode": 1,
			"data": {
				"d": {
					"id": 5824,
					"p": 0.0022310671118544757,
					"p24h": -2.841282389444,
					"p7d": 5.0485990223610008,
					"p30d": -24.888819639195,
					"p3m": -30.345622851451,
					"p1y": -58.127150602141,
					"pytd": 8.146147141079,
					"pall": -98.882229480593,
					"as": 42074460452,
					"mc": 93870944.96,
					"fmc24hpc": -2.841282389444
				},
				"t": "1684436847061",
				"c": "main-site@crypto_price_5s@5824@normal"
			}
		},
		{
			"type": "receive",
			"time": 1684436846.383873,
			"opcode": 1,
			"data": {
				"d": {
					"id": 2,
					"p": 90.03624703586047,
					"p24h": -4.584235492215,
					"p7d": 13.253277265212,
					"p30d": -10.623404133786,
					"p3m": -10.007929757364,
					"p1y": 32.182017901724,
					"pytd": 28.618024049806,
					"pall": 1993.949013709265,
					"as": 72949126.81,
					"mc": 6568065602.45,
					"fmc24hpc": -4.584235492215
				},
				"t": "1684436847063",
				"c": "main-site@crypto_price_5s@2@normal"
			}
		},
		{
			"type": "receive",
			"time": 1684436846.426499,
			"opcode": 1,
			"data": {
				"d": {
					"id": 52,
					"p": 0.45372933670657297,
					"p24h": 1.399354716546,
					"p7d": 9.207162806212,
					"p30d": -12.590853919491,
					"p3m": 14.866283271048,
					"p1y": 9.148797856179,
					"pytd": 33.480086231553,
					"pall": 7624.577947833666,
					"as": 51837820505,
					"mc": 23520339914.05,
					"fmc24hpc": 1.399354716546
				},
				"t": "1684436847062",
				"c": "main-site@crypto_price_5s@52@normal"
			}
		},
		{
			"type": "receive",
			"time": 1684436846.427496,
			"opcode": 1,
			"data": {
				"d": {
					"id": 1027,
					"p": 1786.9512678570864,
					"p24h": -1.902361608032,
					"p7d": -0.141452176367,
					"p30d": -14.211615864913,
					"p3m": 5.386136022489,
					"p1y": -9.863411244553,
					"pytd": 49.321538794054,
					"pall": 63007.02996064175,
					"as": 120279329.57,
					"mc": 214933300478.35,
					"fmc24hpc": -1.902361608032
				},
				"t": "1684436847064",
				"c": "main-site@crypto_price_5s@1027@normal"
			}
		},
		{
			"type": "receive",
			"time": 1684436846.429606,
			"opcode": 1,
			"data": {
				"d": {
					"id": 6535,
					"p": 1.6349512662538637,
					"p24h": -4.171469856993,
					"p7d": 3.753515198584,
					"p30d": -29.655010877874,
					"p3m": -36.706101893535,
					"p1y": -73.505625475463,
					"pytd": 30.208907943289,
					"pall": -3.517677073702,
					"as": 906104494,
					"mc": 1481436689.82,
					"fmc24hpc": -4.171469856993
				},
				"t": "1684436847067",
				"c": "main-site@crypto_price_5s@6535@normal"
			}
		},
		{
			"type": "receive",
			"time": 1684436846.429729,
			"opcode": 1,
			"data": {
				"d": {
					"id": 3717,
					"p": 26779.66146234038,
					"p24h": -1.322961288472,
					"p7d": -0.592335253808,
					"p30d": -11.167313584327,
					"p3m": 8.47153239697,
					"p1y": -8.624572404168,
					"pytd": 62.290428703117,
					"pall": 666.386224970924,
					"as": 155059.28,
					"mc": 4152435096.91,
					"fmc24hpc": -1.322961288472
				},
				"t": "1684436847068",
				"c": "main-site@crypto_price_5s@3717@normal"
			}
		},
		{
			"type": "receive",
			"time": 1684436846.429833,
			"opcode": 1,
			"data": {
				"d": {
					"id": 328,
					"p": 149.46096533989923,
					"p24h": -1.521367658768,
					"p7d": -1.864435456707,
					"p30d": -7.551767041202,
					"p3m": -8.573014097463,
					"p1y": -6.692856089784,
					"pytd": 1.460395306143,
					"pall": 5941.951428899955,
					"as": 18280422.57,
					"mc": 2732209604.77,
					"fmc24hpc": -1.521367658768
				},
				"t": "1684436847071",
				"c": "main-site@crypto_price_5s@328@normal"
			}
		},
		{
			"type": "receive",
			"time": 1684436846.437793,
			"opcode": 1,
			"data": {
				"d": {
					"id": 74,
					"p": 0.07195819708489207,
					"p24h": -4.139768784831,
					"p7d": 2.544532207219,
					"p30d": -22.538827013809,
					"p3m": -18.82003193868,
					"p1y": -16.121782321157,
					"pytd": 2.37700707495,
					"pall": 12777.824738410405,
					"as": 139399556383.71,
					"mc": 10030940751.81,
					"fmc24hpc": -4.139768784831
				},
				"t": "1684436847072",
				"c": "main-site@crypto_price_5s@74@normal"
			}
		},
		{
			"type": "receive",
			"time": 1684436846.525539,
			"opcode": 1,
			"data": {
				"d": {
					"id": 6538,
					"p": 0.8079121487366252,
					"p24h": -2.851318150001,
					"p7d": 1.95463647401,
					"p30d": -24.146114705408,
					"p3m": -33.173651878565,
					"p1y": -36.733550246635,
					"pytd": 53.946993508569,
					"pall": -93.741799935904,
					"as": 817450349,
					"mc": 660428067.95,
					"fmc24hpc": -2.851318150001
				},
				"t": "1684436847073",
				"c": "main-site@crypto_price_5s@6538@normal"
			}
		},
		{
			"type": "receive",
			"time": 1684436846.5257679,
			"opcode": 1,
			"data": {
				"d": {
					"id": 512,
					"p": 0.08792122202855937,
					"p24h": -0.387594976258,
					"p7d": -0.458865256671,